address,sharpe,max_drawdown,win_rate,cum_pnl_pct,trader_age_days,total_trades,trader_age_years
0x5b5d51203a0f9079f8aeb098a6523a13f298c060,0.0,0.0,0.0,0.0,30,0,0.08
0xecb63caa47c7c4e77f60f1ce858cf28dc2b82b00,0.0,0.0,0.0,0.0,30,0,0.08
0xb83de012dba672c76a7dbbbf3e459cb59d7d6e36,0.0,0.0,0.0,0.0,30,0,0.08
0x7fdafde5cfb5465924316eced2d3715494c517d1,0.0,0.0,0.0,0.0,30,0,0.08
0x20c2d95a3dfdca9e9ad12794d5fa6fad99da44f5,-0.09450203333068405,0.5814742318905786,0.5,0.9319892623821519,30,14,0.08
0x880ac484a1743862989a441d6d867238c7aa311c,0.0,0.0,0.0,0.0,29,0,0.08
0xa312114b5795dff9b8db50474dd57701aa78ad1e,0.0,0.0,0.0,0.0,30,0,0.08
0x8af700ba841f30e0a3fcb0ee4c4a9d223e1efa05,0.0,0.0,0.0,0.0,30,0,0.08
0x45d26f28196d226497130c4bac709d808fed4029,0.0,0.0,0.0,0.0,30,0,0.08
0x5d2f4460ac3514ada79f5d9838916e508ab39bb7,0.0,0.0,0.0,0.0,30,0,0.08
0x023a3d058020fb76cca98f01b3c48c8938a22355,0.0,0.0,0.0,0.0,30,0,0.08
0x9eec98d048d06d9cd75318fffa3f3960e081daab,0.0,0.0,0.0,0.0,30,0,0.08
0x8e096995c3e4a3f0bc5b3ea1cba94de2aa4d70c9,0.0,0.0,0.0,0.0,30,0,0.08
0x56498e5f90c14060499b62b6f459b3e3fb9280c5,0.0,0.0,0.0,0.0,30,0,0.08
0xcac19662ec88d23fa1c81ac0e8570b0cf2ff26b3,9.353657225777948,0.3855664297073714,0.65625,2.5566855823477295,30,32,0.08
0xbadbb1de95b5f333623ebece7026932fa5039ee6,2.875580147436,0.422438342344276,0.42857142857142855,1.169360590670799,30,14,0.08
0x939f95036d2e7b6d7419ec072bf9d967352204d2,0.0,0.0,0.0,0.0,30,0,0.08
0xa87a233e8a7d8951ff790a2e39738086cb5f71b7,0.0,0.0,0.0,0.0,30,0,0.08
0x856c35038594767646266bc7fd68dc26480e910d,0.0,0.0,0.0,0.0,30,0,0.08
0x35d1151ef1aab579cbb3109e69fa82f94ff5acb1,0.0,0.0,0.0,0.0,30,0,0.08
0x123dbca6a27005a3c4ce10cb66ee8ece8fc13bff,0.0,0.0,0.0,0.0,30,0,0.08
0x418aa6bf98a2b2bc93779f810330d88cde488888,0.0,0.0,0.0,0.0,30,0,0.08
0xd5ff5491f6f3c80438e02c281726757baf4d1070,0.0,0.0,0.0,0.0,30,0,0.08
0x8607a7d180de23645db594d90621d837749408d5,-9.308702015417293,1.173526606763152,0.3333333333333333,0.41693890855422655,30,42,0.08
0xd47587702a91731dc1089b5db0932cf820151a91,0.0,0.0,0.0,0.0,30,0,0.08
0x9263c1bd29aa87a118242f3fbba4517037f8cc7a,0.0,0.0,0.0,0.0,30,0,0.08
0x1c020f03305acd09994c1910d440646e4a5f91b0,0.0,0.0,0.0,0.0,30,0,0.08
0x162cc7c861ebd0c06b3d72319201150482518185,0.0,0.0,0.0,0.0,30,0,0.08
0xd4c1f7e8d876c4749228d515473d36f919583d1d,0.0,0.0,0.0,0.0,30,0,0.08
0xe86b057f5eb764c9738d6b0d38170befd0723664,0.0,0.0,0.0,0.0,30,0,0.08
0x15271757b398cd1d3d7cca05c4f7b0c159afa7c2,0.0,0.0,0.0,0.0,30,0,0.08
0x091159a8106b077c13e89bc09701117e8b5f129a,42.10078222468799,0.0,1.0,1.0277178196425971,30,46,0.08
0x7fe8cfe481ec2f702692a9152e3f002f3e417ac6,0.0,0.0,0.0,0.0,30,0,0.08
0x15b325660a1c4a9582a7d834c31119c0cb9e3a42,0.0,0.0,0.0,0.0,30,0,0.08
0x6859da14835424957a1e6b397d8026b1d9ff7e1e,0.0,0.0,0.0,0.0,30,0,0.08
0xbfc79c444c41a74516bf31237ebf586a231480b4,0.0,0.0,0.0,0.0,30,0,0.08
0x9e8b1e51c642f4c8b87c6ba11c53d516a218afc4,0.23447128046689716,1.077433228451955,0.5111111111111111,0.9668483475786283,30,45,0.08
0x7717a7a245d9f950e586822b8c9b46863ed7bd7e,0.0,0.0,0.0,0.0,30,0,0.08
0x8cc94dc843e1ea7a19805e0cca43001123512b6a,0.0,0.0,0.0,0.0,30,0,0.08
0x2ba553d9f990a3b66b03b2dc0d030dfc1c061036,0.0,0.0,0.0,0.0,30,0,0.08
0xace0a4c087f7f199328fb1e38d8d27bd237b03fd,0.0,0.0,0.0,0.0,29,0,0.08
0xb3e475368ed0fa0ad23c04de0423d48a0758806f,0.0,0.0,0.0,0.0,30,0,0.08
0x9458f423df6569f053358ee9906613cd69c1ec04,21.203347504550802,0.035049923886955596,0.8235294117647058,1.6934172950119872,30,17,0.08
0x007d76eec0ba411ce873a8819df50dd443d967a0,0.0,0.0,0.0,0.0,29,0,0.08
0x06cecfbac34101ae41c88ebc2450f8602b3d164b,0.0,0.0,0.0,0.0,30,0,0.08
0x9cbf099ff424979439dfba03f00b5961784c06ce,0.0,0.0,0.0,0.0,30,0,0.08
0xefd3ab65915e35105caa462442c9ecc1346728df,5.521451405481324,0.11825540432455169,0.38095238095238093,1.2697370305329474,30,42,0.08
0xffbd3e51ae0e2c4407434e157965c064f2a11628,0.0,0.0,0.0,0.0,30,0,0.08
0x8def9f50456c6c4e37fa5d3d57f108ed23992dae,0.0,0.0,0.0,0.0,30,7,0.08
0x41206f8efb51e5039e5b46e04e7866a4849f72d2,0.0,0.0,0.0,0.0,30,0,0.08
0x178d296356af8622c4405d77feccb137ecf5db1c,0.0,0.0,0.0,0.0,30,0,0.08
0x84abc08c0ea62e687c370154de1f38ea462f4d37,-6.622967787398653,0.38552696456588914,0.3,0.7866327601767419,30,10,0.08
0x7a6d5fc57f6906f337c48fe2763c3a501304f79c,0.0,0.0,0.0,0.0,30,0,0.08
0xfb8c34145bdea190693325d0ab01e81120909b3f,0.0,0.0,0.0,0.0,30,0,0.08
0x67fcc46ed2a63971697dad2fc7bb0091fe89e51d,10.938484671166027,0.259702327702744,0.6842105263157895,2.933084154398601,30,38,0.08
0x71dfc07de32c2ebf1c4801f4b1c9e40b76d4a23d,0.0,0.0,0.0,0.0,30,0,0.08
0x0ddf9bae2af4b874b96d287a5ad42eb47138a902,0.0,0.0,0.0,0.0,30,0,0.08
0x015354106478dda69c4aae3c0cf801290b738052,2.7880101162119844,0.061185736030160594,0.045454545454545456,1.1271333581507683,30,22,0.08
0xef5fdcefdb38803a654ee9f3539bed8058443d99,0.27261483455284113,0.5928974426273078,0.4318181818181818,0.9991909550638411,30,44,0.08
0xf28e1b06e00e8774c612e31ab3ac35d5a720085f,0.0,0.0,0.0,0.0,29,0,0.08
0x469e9a7f624b04c24f0e64edf8d8a277e6bf58a5,0.0,0.0,0.0,0.0,29,0,0.08
0xd6e1a6f7bb47aca69aaa511210227d40926ff256,17.7429104646406,0.05562094860112728,0.8666666666666667,1.7390976105562546,29,15,0.08
0x27c9fa86c91b84ddfa15de58c482ff662498d65d,0.0,0.0,0.0,0.0,30,0,0.08
0xa4dedda59f2908b92ae192cfd494839373bcb3c4,0.0,0.0,0.0,0.0,30,0,0.08
0xd6ef5649200101eb44ce8949f4cfb167b0c5a07a,-2.2943512652747344,0.59673015947239,0.34375,0.7597411145283555,30,32,0.08
0xaea8e3bd369217cc6e3e6abddf0da318fba8e59b,0.0,0.0,0.0,0.0,30,0,0.08
0xc7b72bb1acdce3eb45f9b38f43cd31e4927c725b,-97.72550415785389,0.9176427926291668,0.0,0.4073704311358544,30,12,0.08
0xdf6a4dba3ef113f030f95511e70721548dc7f3e2,0.0,0.0,0.0,0.0,29,0,0.08
0x1abd35a5183aca3291f05353a6af3b4409603a8f,1.4729694806649205,0.26352093161556234,0.5714285714285714,1.0385943031778047,29,14,0.08
0x6af6660ed5ecbfa39db3d6bf23e17bd426a183ce,-3.2822019051297042,0.3734559295778336,0.3888888888888889,0.8324683198494315,30,18,0.08
0xe24c322324e02cdd9989d3092be456e92cde53f2,0.0,0.0,0.0,0.0,30,0,0.08
0xe24166173f1e956845a0660c8b26db334dced71a,-20.779792501904616,0.409577829085266,0.16666666666666666,0.654829401391941,30,18,0.08
0xb7e09a94603f4fd3b67537b4c43584fe1498ae05,53.741825814657396,0.0,1.0,2.1858988069959615,30,14,0.08
0xe7e4ca8b310c0d0ea900e15e4f43ffd9d25e3c77,4.021936867150631,0.20804067238193544,0.4166666666666667,1.1430555372659768,30,12,0.08
0x67cd5c1c4548c7ec1a20fadefca19ad42e6230da,0.0,0.0,0.0,0.0,29,8,0.08
0xcd1c932a413868c3c84e73e195bf34c1ba4ffec5,0.0,0.0,0.0,0.0,30,0,0.08
0x42885bfee595c7bf079609433fa3f2bc24e72096,0.0,0.0,0.0,0.0,30,0,0.08
0xccb56f9cba0138bb9cb8f6a6ad290a6ea9879b46,0.0,0.0,0.0,0.0,30,0,0.08
0xf53cab0c6f25f48f985d1e2c40e03fc7c1963364,-10.320095082929251,1.392917481548398,0.35555555555555557,0.35996181574160563,30,45,0.08
0x36ac01de9bc76c0d744b38c3e13a0538d55c7568,11.699357517514603,0.0,0.2727272727272727,1.0026936613550292,30,11,0.08
0x10da391e349b02b380359cb402dc908dfe660221,0.0,0.0,0.0,0.0,30,0,0.08
0xc8d4073a8bc55dd6871c9e4de45764429dc39a43,19.0021145142846,0.12715962295002486,0.8409090909090909,3.513601834982217,29,44,0.08
0x95995f302ad58138d791ce49f9f3b1274e80c60a,-4.140725742981404,0.9057743357713485,0.34146341463414637,0.6033347940605682,30,41,0.08
0x9391199d0dd197bd019d40ef624d26aca59440f3,25.61795280248444,0.025220243951708406,0.9069767441860465,7.58848824374189,30,43,0.08
0xbf4ef7c97309cd4b7ef113358dbaabb3f36a13f5,3.282775007662049,0.2595626777004812,0.7,1.0907350966025755,30,10,0.08
0x8b501a6090fd3c6b905b1a0099e2e216a5a2d40d,0.0,0.0,0.0,0.0,29,6,0.08
0xd7b8209d95d4c05faaa505671211058d51529f55,0.0,0.0,0.0,0.0,30,0,0.08
0x3895d155b005191686476a39580d43258a518e46,23.301697223819396,0.019460830624477773,0.925,5.614448773215655,30,40,0.08
0x413c2724b62975c18b1415650f998a8f0a67886c,0.0,0.0,0.0,0.0,30,0,0.08
0xcf0a7df50ab429182fdfa93292d150c35d7808c9,12.958231604244439,0.03264015727388648,0.5641025641025641,2.1756671584796634,30,39,0.08
0xda0950da3882ef1ae1e41e99ebe31e6b3324c17f,0.0,0.0,0.0,0.0,30,4,0.08
0xd7846935d7e5a49e20b9887e6465cb765f4c2937,0.0,0.0,0.0,0.0,30,0,0.08
0x279dbeaae93533a5c4607712b027b04aff62d625,-5.281941251855334,0.7973419775896714,0.09523809523809523,0.6301463111657428,30,21,0.08
0xbc6d435e62e54273bf756fe6262dd66dbd6b0c02,0.0,0.0,0.0,0.0,30,0,0.08
0x54f9524155c82f1f3f2c5e086ba513df442a18ef,0.0,0.0,0.0,0.0,30,0,0.08
0x2df22837da3f4fb34efb8c385af2d20501682431,0.0,0.0,0.0,0.0,30,0,0.08
0xdf52df044f1b150dfa79590909cdac6ad83d59fc,0.0,0.0,0.0,0.0,30,0,0.08
0x8b67b0a78e557201fa0f9db2bc9dba5d55aaf692,25.778142741395406,0.0017361799518837908,0.9375,5.288761777847462,30,32,0.08
0x9690bcfc1639abff887c8fb62b48ab787b2dba3f,0.0,0.0,0.0,0.0,30,0,0.08
0x28473085ba4aa761eb541914f50a75dd685cd47b,0.0,0.0,0.0,0.0,30,0,0.08
0x72988778525f0ce15c5ac1804ac460606a987d6c,2.1601338398450154,0.233379957720755,0.5,1.0927693790827484,30,18,0.08
0x12733a96b4f830c9b7b57566da2e3750d20d23ee,0.0,0.0,0.0,0.0,30,8,0.08
0x6beffb9bec3364ae579fa7cb864effefa7bf2695,-17.908260244264252,1.2058509770003596,0.16666666666666666,0.30356997488874243,30,30,0.08
0xc0b2a1ce425d0cd8bc321c445fa6ae0eaed2e688,17.392841398404524,0.0,0.5348837209302325,1.169818724571553,29,43,0.08
0xead5b7d86c681c036c59cd00a0390541061c69f2,0.0,0.0,0.0,0.0,30,0,0.08
0xe71e9636e31b838af0a3c38b3f3449cdc2b7aa87,10.266685333040884,0.27757481204771633,0.76,2.1038220233059364,30,25,0.08
0x4aab8988462923ca3cbaa7e94df0cc523817cd64,0.0,0.0,0.0,0.0,30,3,0.08
0x477296b8f5f5525be26e5c0a82eb0dd24da3949f,0.0,0.0,0.0,0.0,30,0,0.08
0x2d99fe0f36c1aebd28a1a2c0e82e8ca13c2ea351,17.10349912928275,0.006015412687023207,0.85,2.1407880378426554,30,20,0.08
0xf83ff544ed6f00fe7a74782aee3fd9ea54d96728,38.20991948846658,1.7900283950498335e-08,0.9333333333333333,1.2043544623154718,30,45,0.08
0xc926ddba8b7617dbc65712f20cf8e1b58b8598d3,0.0,0.0,0.0,0.0,30,6,0.08
0x152e41f0b83e6cad4b5dc730c1d6279b7d67c9dc,0.0,0.0,0.0,0.0,30,0,0.08
0xe2f86feccb1207710a442bc4e27a0701a290275a,24.095180484101235,0.0022954240331443552,0.92,2.4250591195927824,30,25,0.08
0x987163b6b482c30c2f5f3aa2760109668eb0091d,0.0,0.0,0.0,0.0,30,0,0.08
0x369daedbefcb30b82154338c8fd613a70c60d251,0.0,0.0,0.0,0.0,30,0,0.08
0xd487e26c62ed8c28ce3cc70b5791e501c2934982,-16.615541451111103,0.6876287265069797,0.20930232558139536,0.5563139427232606,30,43,0.08
0x258a4b8a8447c61aabf1bef9bb14ee4d69efff03,0.0,0.0,0.0,0.0,29,0,0.08
0x7dacca323e44f168494c779bb5e7483c468ef410,-40.54250108017073,2.39870055619354,0.07142857142857142,0.08486488111187608,30,42,0.08
0x8a265d24c0c4e611119ba4c8fcab93fd987d343a,-10.048085721340136,1.2449461810595974,0.2564102564102564,0.3967338970414052,30,39,0.08
0x56c58ed0c0b9b164653d7aa44fd40632393f8e38,0.0,0.0,0.0,0.0,30,0,0.08
0xfce053a5e461683454bf37ad66d20344c0e3f4c0,0.11384987988946355,0.28815530010605583,0.5384615384615384,0.9698215643340313,30,13,0.08
0xa461db6d21568e97e040c4ab57ff38708a4f0f67,0.0,0.0,0.0,0.0,30,0,0.08
0xb0fbfefc6c325964d0ffc3f909bdda80b8421326,0.0,0.0,0.0,0.0,30,0,0.08
0x795cfd1b03eafc11c4ec958b8a94cfc9aa64a242,0.0,0.0,0.0,0.0,30,0,0.08
0x47f5a6397b79deaaca5c456503e7c1a49357b942,0.0,0.0,0.0,0.0,30,0,0.08
0xac7bbfed474127e8683320421264d403fd2155f9,0.0,0.0,0.0,0.0,30,0,0.08
0x30bdf164cdb6f4bc373a232942896d5bb49fb5a4,54.70303701089095,0.0,0.8913043478260869,3.2135637935092807,30,46,0.08
0x1e771e1b95c86491299d6e2a5c3b3842d03b552e,-8.254424908338134,0.7812878759207913,0.41304347826086957,0.5112453384119791,30,46,0.08
0x34365f472a3af2ff8167970a519931437e2c2094,0.0,0.0,0.0,0.0,30,0,0.08
0x549e6dd8453ed87fccdcf4f8b37162b10edc0533,0.0,0.0,0.0,0.0,30,0,0.08
0xbb97757984fa4408c13bd3b4a9189f520bf317d3,0.0,0.0,0.0,0.0,30,0,0.08
0xf62edeee17968d4c55d1c74936d2110333342f30,0.0,0.0,0.0,0.0,30,0,0.08
0x34fb5ec7d4e939161946340ea2a1f29254b893de,4.812654845730837,0.37692783507236477,0.6136363636363636,1.5986990791201725,30,44,0.08
0xd0254dd9c10498b256b6ec3bd8de37a9ba4329de,-10.811380694153614,0.4208863469606602,0.36363636363636365,0.6745359446382762,30,11,0.08
0xfeec88b13fc0be31695069f02bac18538a154e9c,0.0,0.0,0.0,0.0,30,0,0.08
0x1f793d9f0368c1da329cb112212d81d521e7a9b8,0.0,0.0,0.0,0.0,30,3,0.08
0x4a96036fb1529561fa3eeeb2781fad2d4f25500e,0.0,0.0,0.0,0.0,30,5,0.08
0x9b83f16d0a6456f90a8a330f04c0ca1b2f0425b0,0.0,0.0,0.0,0.0,30,0,0.08
0x6bea81d7a0c5939a5ce5552e125ab57216cc597f,0.0,0.0,0.0,0.0,30,0,0.08
0xdbd1bac81ad581c7198c9d155ca468f32a0c29dd,0.0,0.0,0.0,0.0,30,0,0.08
0xaded86bf6e6fd72f78dca132af112fa36230809e,0.0,0.0,0.0,0.0,30,2,0.08
0x404ca2035b37bf2e83505134ebcf8d03babb5f03,0.0,0.0,0.0,0.0,30,0,0.08
0x5bc43f38c2ddcd85857f218674cd384f172c3b0c,0.0,0.0,0.0,0.0,30,0,0.08
0x79cc76364b5fb263a25bd52930e3d9788fcfeea8,13.800171636029857,0.03088591856487677,0.5348837209302325,2.7798450385463065,30,43,0.08
0x56cd86d6ef24a3f51ce6992b7f1db751b0a0276a,0.9985981128080921,0.2650979020908557,0.4375,1.023230486337337,30,16,0.08
0x08c14b32c8a48894e4b933090ebcc9ce33b21135,0.0,0.0,0.0,0.0,30,0,0.08
0xaf0fdd39e5d92499b0ed9f68693da99c0ec1e92e,0.0,0.0,0.0,0.0,30,0,0.08
0x570b09e27a87f9acbce49f85056745d29b3ee3c6,0.0,0.0,0.0,0.0,30,0,0.08
0xaecfe4eff84a1cd9a24accc1914ac537af7f6e1b,0.0,0.0,0.0,0.0,30,1,0.08
0x6f142cc70bd7829d9b41350b5dd13ba20388a473,18.19358740797617,0.033073526911055154,0.9,2.2377683082304736,30,20,0.08
0x8cfe4bc352deb10ed41c5f0f89bc57674cee1e22,0.0,0.0,0.0,0.0,30,0,0.08
0x6b78be2ba4d55d5ee434c7d47fb3bbaffafc5e9c,17.44214545579835,0.06231651918812634,0.8125,2.6076225905316885,30,16,0.08
0x6df99d59cdada18ade521e05edd5e6a2ec91b734,0.0,0.0,0.0,0.0,30,0,0.08
0x7cc0b0049faddc405da8494ac67737975c757480,0.0,0.0,0.0,0.0,30,0,0.08
0x05b5a0ae689c17cad8155932782a5c29426abe75,0.0,0.0,0.0,0.0,29,0,0.08
0x29824b424ec65bbdbe2b550c5b734204ee295308,0.0,0.0,0.0,0.0,30,0,0.08
0x5647249079e257329ecb6f46ed41821d3c69e7de,15.343688678469016,0.1926486600138949,0.7142857142857143,3.837897099429118,29,35,0.08
0x5c9c9ab381c841530464ef9ee402568f84c3b676,0.0,0.0,0.0,0.0,30,0,0.08
0xcac1f1c3e4599e044dc2a9d38a9b6ef1af1bdae8,0.0,0.0,0.0,0.0,30,0,0.08
0xddce6ae3db95eb2a0259aeeab3f6932902354830,0.0,0.0,0.0,0.0,30,0,0.08
0x8bae3527e5a33fa0cf184f37bc112d071463ab6d,-4.883634615432819,0.5102866721542415,0.4166666666666667,0.7683652331706026,30,12,0.08
0x7625dc67deab1864570ad816f59a9b867f280e49,2.158731683132305,0.37063992773891324,0.42857142857142855,1.0909202569886398,30,14,0.08
0xd7a678fcf72c1b602850ef2f3e2d668ec41fa0ed,0.0,0.0,0.0,0.0,30,7,0.08
0x6ef9aa1ccef50f19a6c82d927401d98030973abf,7.757589170131721,0.10920709176064486,0.5,1.2275357798129387,29,10,0.08
0x519c721de735f7c9e6146d167852e60d60496a47,0.0,0.0,0.0,0.0,29,0,0.08
0x05904930cae1e9a48c055f4a8a83480ba7fc6abf,0.0,0.0,0.0,0.0,30,0,0.08
0x833b99b27dac651d02080f5e220e929df891db06,0.0,0.0,0.0,0.0,30,0,0.08
0x8bf3ac5c417624b3bde7901de3c4ad7659599060,0.0,0.0,0.0,0.0,30,0,0.08
0xde0695cdc60ac0dedb8739951eff70006cafab15,23.75675325668565,0.0,0.6976744186046512,1.2019303915939181,30,43,0.08
0x514ad80730593801036e2934bcda9b4e90221b4d,3.276532577532077,0.6770752454497042,0.625,1.331023424048924,30,32,0.08
0x53babe76166eae33c861aeddf9ce89af20311cd0,0.0,0.0,0.0,0.0,29,0,0.08
0x0a06ec6754b628be489b2c40bba20c8580392a7b,0.0,0.0,0.0,0.0,29,0,0.08
0x1c2c96e78a42958892e637bdc0d94ce259f109fe,0.0,0.0,0.0,0.0,30,0,0.08
0xf58b673c1633ccef0ac58263cdc95ed80f817fc7,0.0,0.0,0.0,0.0,30,0,0.08
0x8eadef1db48d9a682da64d74a69c5ac78d0ee175,0.0,0.0,0.0,0.0,30,0,0.08
0xdd0c5de50d72e5eaa96816e920e41ce89c4b8888,36.06252098312768,0.02622957325291087,0.8823529411764706,2.933922869367392,30,17,0.08
0xb632c6580173a16154f17cdafc6eb27e95cf73b7,0.0,0.0,0.0,0.0,29,1,0.08
0x1a5612386dce50174bd467498afa607df418d7c6,-13.501225926200373,0.5683976953488296,0.2727272727272727,0.5802608773246403,30,44,0.08
0xbaaaf6571ab7d571043ff1e313a9609a10637864,0.0,0.0,0.0,0.0,30,5,0.08
0x7f55a0b28ba031dc08c1fdf7336a74e399b840d1,0.0,0.0,0.0,0.0,30,0,0.08
0xbbc0a674eeee74717d7a3deed9d43d55087bc032,0.0,0.0,0.0,0.0,29,0,0.08
0xff4cd3826ecee12acd4329aada4a2d3419fc463c,-7.414859036759514,0.4322766366106269,0.18181818181818182,0.9061781900763614,30,44,0.08
0xe02e420ec55b4e03924d77c7b342c012541ba2d3,47.097535950909915,0.0004133487200499695,0.9772727272727273,1.6893103130423228,29,44,0.08
0xf220c9b7b4c0e5e785ebe4b40b17576ce24473e0,0.0,0.0,0.0,0.0,30,1,0.08
0xe867fbdad3291530e41530301ecb77693850c78e,30.53818700096604,0.020621778159502304,0.9111111111111111,2.000590826433055,30,45,0.08
0x3ca146d2692f61746a28fa926dc9d18086ce37c6,0.0,0.0,0.0,0.0,30,0,0.08
0xa581bb0ac1a7ec393e76ccd45de2bfff6146e213,17.257939926957064,0.15280796851652123,0.8695652173913043,3.045802809360035,30,23,0.08
0x72cb918356c4f6d3f1b2e532928110ba6995f139,25.550548566177234,0.08000052670327673,0.7857142857142857,6.587657982077452,29,42,0.08
0x50664ede715e131f584d3e7eaabd7818bb20a068,0.0,0.0,0.0,0.0,30,6,0.08
0xa31441e058492bc7cfffda9aa7623c407ae83a81,0.0,0.0,0.0,0.0,30,0,0.08
0xd02928c445d780ea954fe0b6f0be0f6cb9727678,7.722483149037725,0.12340241808872528,0.47058823529411764,1.4403723171018379,30,17,0.08
0x28233e5edddfc9f71f0cecf58ca98f6a2ca11f43,0.0,0.0,0.0,0.0,30,0,0.08
0x09bc1cf4d9f0b59e1425a8fde4d4b1f7d3c9410d,0.4020443849983134,0.5633992868179146,0.5757575757575758,0.9929750489697974,30,33,0.08
0x7a7da855c61ba2326decf722691c6e2d14a50344,0.0,0.0,0.0,0.0,30,0,0.08
0x4eebd8d39e82efb958e0fa9f694435c910c8518f,0.0,0.0,0.0,0.0,30,0,0.08
0xc1471df385b1b039aae2000678e0b8bd905b3aef,0.0,0.0,0.0,0.0,30,0,0.08
0xec326a384ae965647d87e1f85db46d2efa15ae82,0.0,0.0,0.0,0.0,30,7,0.08
0xfd97600ac44b3c4e20ac1a5f23e3b18d10fa5912,23.301813871825534,0.01806772141003581,0.9,1.8584190141813983,30,10,0.08
0xa99767ff6874018935af8924eeb3de3c7b578edc,0.0,0.0,0.0,0.0,30,0,0.08
0xc7f94fb3b3ba614b9b2bf80697ab5a31917005a2,0.0,0.0,0.0,0.0,30,0,0.08
0x2fcb6898d5a0623de19c3691904927685014c4d8,0.0,0.0,0.0,0.0,30,0,0.08
0x543356c584e7931233afe07ecd982cda5f0f3f3b,0.0,0.0,0.0,0.0,30,0,0.08
0x261142dd1d82cf24228bd35b1fc65bd805af842d,-5.540883999201997,0.430315685077924,0.0,0.6987562470130375,30,13,0.08
0x4b1c09fa8322548360a76a3747e32a60a864bc38,0.0,0.0,0.0,0.0,30,0,0.08
0xa6cb81271418b9f41295fff54be05f6250c7cbf6,0.0,0.0,0.0,0.0,30,0,0.08
0xae7a0f9f663bb54bfe95378c7e3de7dd6e28d6bc,6.426654565861343,0.32682172641617135,0.8,1.4560770392047424,30,10,0.08
0x05a196a9477e70c184ed212d6cf02073f535c3bb,0.0,0.0,0.0,0.0,30,0,0.08
0x493e3b994aabdd5be4fbd19b4fab7b4a0fedc90b,0.0,0.0,0.0,0.0,30,0,0.08
0xd63c228ea09e4d999f5fb3ed7d3529756e3a724f,-8.637129157844193,1.0066425186772472,0.47058823529411764,0.5668157694056316,30,17,0.08
0xe7e25d4f0f0076b08459e343529c446fef04f958,3.8373383018467795,0.10749518042729259,0.5555555555555556,1.0814394740420574,30,45,0.08
0x14b25601e369b40f5bcd1de0f9a53174e3c59d34,0.0,0.0,0.0,0.0,30,0,0.08
0x422f1f07f40f11bac71db4f520dd0ea1ff20f2c4,0.0,0.0,0.0,0.0,30,6,0.08
0x8554501f855388039f2bc86110462adfbbde46dc,0.0,0.0,0.0,0.0,30,0,0.08
0xd96ea3bcce83d4e1ef8abd1776eecd0cea1bb09e,0.0,0.0,0.0,0.0,30,0,0.08
0x5e13d5cedbddd7237f659947ce64bec1294e2607,9.536388393007208,0.02858131873193738,0.7209302325581395,1.116635522413885,30,43,0.08
0x32a501193fe8789b2093e03e698e5ca979c9cd92,0.0,0.0,0.0,0.0,30,0,0.08
0xccf135ab352d561a15eb7be2a243cc4fcb7f0ab1,0.0,0.0,0.0,0.0,30,0,0.08
0x1e5c9ef6a07f8ee36e21c0c2737c9b19f5de7f2a,0.0,0.0,0.0,0.0,30,0,0.08
0x399d7adeecc4f5e83891d3ca03d588155765459d,5.313739011807419,0.5665850708393853,0.6170212765957447,1.704364011340178,30,47,0.08
0x99ab3fdbeecbfc8a36101f9f80c763c8434ecea8,0.0,0.0,0.0,0.0,30,0,0.08
0x185611e0343c14f53a4406891cb0fdc9e81808ae,0.0,0.0,0.0,0.0,30,0,0.08
0x7ca165f354e3260e2f8d5a7508cc9dd2fa009235,0.0,0.0,0.0,0.0,30,0,0.08
0x7583b5364597736a6a72c4ba61ede0a4a37ef4de,0.0,0.0,0.0,0.0,30,0,0.08
0x43b29051e7b4ce9fcbc893aa6bd07c32df7399f9,3.380579778285279,0.2159159939401109,0.7307692307692307,1.153464308393541,29,26,0.08
0x4a19c9768629266caad38bd6857c6a4161532c19,5.495172034039628,0.21899482365547704,0.5957446808510638,1.2766961374403187,30,47,0.08
0xac7476e14f768e3e67c195e79c2490dd20c70127,17.9641725713183,0.12342160549274611,0.8666666666666667,3.6670590870920634,30,45,0.08
0x6f7d75c18e8ca7f486eb4d2690abf7b329087062,0.0,0.0,0.0,0.0,30,6,0.08
0x3e5dacb70247b57aca1d62b927c398ff05b7e570,0.0,0.0,0.0,0.0,30,0,0.08
0x63d417a577b50c96f4f09148d4e4d70950db0522,0.0,0.0,0.0,0.0,30,0,0.08
0xc6d7fdfbcb55d6cad6570c5838de394d2aa24015,0.0,0.0,0.0,0.0,30,0,0.08
0x011af0d7a38f1b1b43cffd7a51e1aa38d1c61ece,9.124744263769971,0.04786681866873419,0.4117647058823529,1.2814809127968196,30,17,0.08
0xd260b2216b735277da6771564a01c04856e78321,0.0,0.0,0.0,0.0,30,0,0.08
0x2cd991f48ba31536a96b772536a1daaaedf150ae,0.0,0.0,0.0,0.0,30,4,0.08
0x24fb6523036ebcb3cc51deff138066dccf6bed0f,0.0,0.0,0.0,0.0,30,0,0.08
0xbe494a5e3a719a78a45a47ab453b7b0199b9d101,0.0,0.0,0.0,0.0,30,0,0.08
0xa0ca3dcba02de989e35eb3810ad762a222315075,0.0,0.0,0.0,0.0,30,0,0.08
0x3e02519a47cef3d4464944c4815fad9e5837e767,0.0,0.0,0.0,0.0,30,0,0.08
0x32051a0c36af1449e0eee08146a808115ccc40bb,7.693966741566167,0.40637426393455295,0.7021276595744681,1.9949248548089404,30,47,0.08
0x13b2e9091268f291f165196d4832ba1c5ac02938,0.0,0.0,0.0,0.0,30,0,0.08
0xaf9f722a676230cc44045efe26fe9a85801ca4fa,9.927424606382269,0.3032368618468947,0.6,2.3177361599372786,30,35,0.08
0x9d732bed515e8f66ad2b60cda96a4ef3c31e729f,21.1136017779255,0.025533728954688358,0.8235294117647058,1.9235701073095117,29,17,0.08
0xfdba13d24cb423a393603d72ca80f31b251a3727,1.8717733294782959,0.7990981264878887,0.5,1.1483232716718945,30,32,0.08
0xadd12adbbd5db87674b38af99b6dd34dd2a45e0d,-16.1839584072533,1.148540431888742,0.13333333333333333,0.38977144291024696,30,15,0.08
0xe2823659be02e0f48a4660e4da008b5e1abfdf29,0.0,0.0,0.0,0.0,30,4,0.08
0x8da6beaa2f002a511809101b24d181a324ae82d6,0.0,0.0,0.0,0.0,30,0,0.08
0x6f90d048a511626ba5a6425db17f377826df336a,-15.14384408425745,1.1764277116991855,0.29545454545454547,0.33501588312813957,30,44,0.08
0x5b9306593ae710a66832c4101e019e3e96f65d0a,0.0,0.0,0.0,0.0,30,0,0.08
0x92b585bdf2d67c0fe321108b863ca4617dd39fe9,0.0,0.0,0.0,0.0,30,1,0.08
0xfc8c156428a8e48cb8d0356db16e59bec4c0ecea,34.92491065056125,0.0,1.0,2.122423525873224,29,44,0.08
0x5846ac5619d2a762751b1663d86a402085505765,0.0,0.0,0.0,0.0,29,0,0.08
0xfc667adba8d4837586078f4fdcdc29804337ca06,0.0,0.0,0.0,0.0,29,0,0.08
0xad747d2d91d8fd336bda8805961089cec51f3550,0.0,0.0,0.0,0.0,30,0,0.08
0x21b5eb0ca859383f7d8b6906cddb115e92e80913,0.0,0.0,0.0,0.0,30,1,0.08
0x16bf84af3f85f8c8a97597bf2be549dfe0dee637,0.0,0.0,0.0,0.0,29,7,0.08
0x49ba9baa20d355ba042af2be9772d2b2cd892f44,0.0,0.0,0.0,0.0,30,0,0.08
0x69906b0ed626ca01a4b7c001e5711e5714ccf207,0.0,0.0,0.0,0.0,30,0,0.08
0xe98bc6b99a2eb1a108623af5843b922389e78cd5,0.0,0.0,0.0,0.0,30,0,0.08
0x6417da1d2452a4b4a81aa151b7235ffec865082f,0.0,0.0,0.0,0.0,30,0,0.08
0xac487c027ffe32021bbba77e30786f8c8f353201,0.0,0.0,0.0,0.0,30,0,0.08
0xd28e005c992b168d0b20fca312958e105bb260ab,0.0,0.0,0.0,0.0,30,4,0.08
0x349bd094209d50280dfaca12779576c748395c15,11.734954145126794,0.06925538536060635,0.8333333333333334,1.4178346982647372,30,12,0.08
0x407afe1e87bf741293d47e562b107a633e678562,0.0,0.0,0.0,0.0,30,0,0.08
0x6355f7cf36b24044cd5b089a845113327d0ee58e,8.123830917681442,0.41094522347410933,0.6285714285714286,2.0120397334661093,30,35,0.08
0x89abe626dc7f010138bc08e0100f1e4e13c30d32,0.0,0.0,0.0,0.0,30,0,0.08
0x8bcf7a888c66f635ac4a2caf42a8dd12a3b20b14,0.0,0.0,0.0,0.0,30,0,0.08
0x47a0d24b34889277010026892b7612143d16bf13,0.0,0.0,0.0,0.0,30,0,0.08
0x4cc390eada38741fe9c77036b7c38537fb5f38ea,0.0,0.0,0.0,0.0,30,0,0.08
0xcc0ec788a4a1312582b24ac899c522fc3794ee8d,-2.9884542031903414,0.4499777943823928,0.26666666666666666,0.7866387997429011,30,15,0.08
0xe25875524b59adf5984f29e5723bf8489a689790,0.0,0.0,0.0,0.0,30,0,0.08
0xac50a255e330c388f44b9d01259d6b153a9f0ed9,0.0,0.0,0.0,0.0,29,2,0.08
0x95f45c5e6bd5a932c9193d55fed1fd0428ff127f,0.0,0.0,0.0,0.0,30,0,0.08
0x8701675db59609f63625f7eadb0f212ee3651656,0.0,0.0,0.0,0.0,30,0,0.08
0xa906355beaf1d69a5fe73ce55899c49c6e67916c,-20.123188955866326,0.19194468953946023,0.2,0.8267444049521079,30,10,0.08
0x972b0f9cde1266e860e546ac92e783741769400f,0.0,0.0,0.0,0.0,30,0,0.08
0xd2b2a8ab7a8c903501f4db4ee45c67522a4511ed,0.0,0.0,0.0,0.0,30,0,0.08
0x37cdea0c9af695a5629a75e28a20724a98147918,30.937994297612104,0.1393380401054066,0.8918918918918919,9.312296524240335,30,37,0.08
0x625e239e46d3ad052e23f396de3a569f6fd504e7,0.0,0.0,0.0,0.0,30,0,0.08
0x0fd468a73084daa6ea77a9261e40fdec3e67e0c7,4.01764897862481,0.4553739321313494,0.6111111111111112,1.3681895774063009,30,36,0.08
0xb3157e8725169aaa81540b678a7a5dfc2eb546fa,0.6154744611497466,0.2533097797269073,0.4666666666666667,0.9933343096815909,30,15,0.08
0xbd49d787655919f7ccf051d372a15e4363dd3d01,0.0,0.0,0.0,0.0,30,0,0.08
0x872ea3fe1a064a4f739fa897ec3f81404b352092,0.0,0.0,0.0,0.0,30,0,0.08
0x24d02e64d4a2580d570666546ac937adab2b3e08,27.523563896106122,0.029005368223796513,0.9318181818181818,6.4288516081084355,30,44,0.08
0x96eaaf0375a6c5ecfc4980503bc8ce6c0192616d,0.0,0.0,0.0,0.0,29,0,0.08
0x97f20f91c18093c7f738a00ffabc03eea04ec668,0.0,0.0,0.0,0.0,30,0,0.08
0x9e5c7a2fed36727acf6306e3e5ae12bce86856c7,-11.812448157276323,0.9709728261258952,0.3409090909090909,0.43450518586414955,30,44,0.08
0x348e5365acfa48a26ada7da840ca611e29c950ef,40.52126720977458,0.008228538017310834,0.9555555555555556,12.051570992529227,30,45,0.08
0x3fe1303b746bb9c88b30f364a6394261b4692943,0.0,0.0,0.0,0.0,29,0,0.08
0xadef6b10893e9cf9a94cf054cf77ad1a8e46499c,-6.337535506017019,0.5343540231067289,0.4318181818181818,0.6772427486555597,30,44,0.08
0x7ee6b077b59f4417bc36d41bb65365644315db10,0.0,0.0,0.0,0.0,30,0,0.08
0xc49ec554731a81f4bf4f3504cfb1dd3c484ccf74,0.0,0.0,0.0,0.0,30,0,0.08
0x039405fa4636364e6023df1e06b085a462b9cdc9,0.0,0.0,0.0,0.0,30,0,0.08
0xf40f4129b137f30ab83dfe7f46a468fc6830865f,0.0,0.0,0.0,0.0,30,0,0.08
0x0b83bc39c98335a4ac56999c4ee89053cdb0508a,40.670017902084524,0.0,1.0,1.0000029682927842,30,45,0.08
0xa53a13a80d72a855481de5211e7654fabdfe3526,0.0,0.0,0.0,0.0,30,0,0.08
0xaf37a82f0cf079a3d50674b87e889d2b270f4a44,-41.07924011268959,1.8593885432961634,0.0,0.15409448732927766,30,45,0.08
0x888e000c78b8f1aada5b3c99f880794907b76d77,0.0,0.0,0.0,0.0,30,6,0.08
0x4ff9b58ed112bf3df108d1d62bd95e7352ef38d3,2.4346389266150563,0.18968414565715644,0.26666666666666666,1.0815554104444836,30,15,0.08
0xdca131ba8f428bd2f90ae962e4cb2d226312505e,0.0,0.0,0.0,0.0,30,0,0.08
0x0daf132c5554fd7d5eb422585426af557d8847e0,0.0,0.0,0.0,0.0,30,0,0.08
0x4d26bc95c771d1d0a5c5e76297c8f53ffe5f6c19,0.0,0.0,0.0,0.0,30,0,0.08
0x1a25a5b70dc3ce8398c04091b0a6c61c984b80f5,0.0,0.0,0.0,0.0,29,3,0.08
0x649156ebf0a350deb18a1e4835873defd4dc5349,0.0,0.0,0.0,0.0,30,0,0.08
0x99bfe8e92dcd439ec785c8d809ee2b4c929734c3,4.943243785435417,0.9024149600606733,0.6818181818181818,1.649064188119563,30,44,0.08
0x317fc9cc1c09024f56fcad506affb2a176cab186,15.857912993750805,0.17993750581942203,0.7446808510638298,3.7990287955125104,30,47,0.08
0xeafbe89e3bc638a540c166c45d2b12850fc6c402,0.0,0.0,0.0,0.0,30,8,0.08
0x091144e651b334341eabdbbbfed644ad0100023e,0.0,0.0,0.0,0.0,29,0,0.08
0x3bcae23e8c380dab4732e9a159c0456f12d866f3,0.0,0.0,0.0,0.0,30,0,0.08
0xe113311f35a53b196c0ab3ed31ad0bf937cc5c07,16.052283303936196,0.04357483923628989,0.7692307692307693,1.9576353906266701,30,13,0.08
0x0cacfc8c96b84bc5698fcdcb5ffd536b4a246170,0.0,0.0,0.0,0.0,30,0,0.08
0xc3b1951ceffdcaf25640cb37ce1d6cf125579a03,-17.08721261608718,0.7600496378260949,0.08333333333333333,0.4841525052093043,30,12,0.08
0xc26cbb6483229e0d0f9a1cab675271eda535b8f4,13.967778971338927,0.3517627496987941,0.7073170731707317,4.433285466561877,30,41,0.08
0x325edd95bb016c36027ce3b9f7595af7094a9564,20.00447789589096,0.0034289406023959236,0.6136363636363636,2.5799882021882232,30,44,0.08
0xf9d4f4892f9c9a4ddf939166c592efb9be365e91,8.744279815774718,0.09573596574637258,0.7222222222222222,1.4582448061684243,30,18,0.08
0x335f45392f8d87745aaae68f5c192849afd9b60e,12.839556777761716,0.26005610156552045,0.6857142857142857,3.3644706612667097,30,35,0.08
0xb798aef79972ce8f73d47b9ebbcda6bbb7ec4fbf,0.0,0.0,0.0,0.0,29,0,0.08
0xcd278177b13eb5c269fed43960c4171b66df5b9c,0.0,0.0,0.0,0.0,30,0,0.08
0x298629982613bf36c48d0b31afd2fe7d1b4604dc,52.90665408248935,0.0,0.9130434782608695,17.966324881502658,30,46,0.08
0xd8495b95a3a6a85f4e3baa003e8b7ed1ed85562d,5.969340918452548,0.21083582231523004,0.5882352941176471,1.6899139079613226,30,34,0.08
0x2204e04834e84ff4bfc53fc769e3ae1dcef47e85,0.0,0.0,0.0,0.0,30,5,0.08
0x72db642e6c803993aef6fc17e9b159c536508bb6,0.0,0.0,0.0,0.0,30,0,0.08
0x0becb107c5defbb260cf044e400d4af503eedd34,0.0,0.0,0.0,0.0,30,7,0.08
0xc7290b4b308431a985fa9e3e8a335c2f7650517c,0.0,0.0,0.0,0.0,30,0,0.08
0x7044be555aea5bddb3b9808658500d4e0d0a6b6e,0.0,0.0,0.0,0.0,29,0,0.08
0x9c2a2a966ed8e47f0c8b7e2ec2b91424f229f6a8,0.0,0.0,0.0,0.0,30,0,0.08
0xe82bc65677e46b6626a8e779ac263221db039c2d,-6.287999470360799,0.6160839910946819,0.3333333333333333,0.6576401688056718,30,15,0.08
0x11eee2e0a613af4f636e23ff295e2dac6a191d1d,0.0,0.0,0.0,0.0,30,0,0.08
0x7202dba36e7e72a95925153d18bbede43216dc0b,7.257411295227042,0.013586803784511763,0.5227272727272727,1.038164197002467,30,44,0.08
0x058985a1ae732643468d03e468c8b13d985631bc,-3.265516425004753,0.09773712346672664,0.06976744186046512,0.9097086377163626,30,43,0.08
0xebcfa0e05df4c406f4a166b1318581134a8537c0,1.9079288661377942,0.23019768295958443,0.6875,1.0726229513643872,30,16,0.08
0x089fe537f4b2af55fa990bc64ff4125800bba4f8,0.0,0.0,0.0,0.0,29,5,0.08
0xbb475febf78b528f4f0d4ae1a12541406565199c,10.815791736624135,0.272418523222342,0.6363636363636364,2.312869142740291,30,33,0.08
0xa9c3d444f0a94ae2ae24363d4bd38c3e7ee282ea,0.0,0.0,0.0,0.0,30,0,0.08
0xad572a7894c7b0ba4db67c2a7602dd3376d4f094,0.0,0.0,0.0,0.0,30,0,0.08
0x064e89061ce80cb1b41a2d2963d48d2e8cabde4a,0.0,0.0,0.0,0.0,30,0,0.08
0xe31deacee1770dfa56f8849724bcb7f8e5f76ef2,14.816097699078814,0.05716895032968494,0.8,1.516359887455295,30,10,0.08
0x44c9c226cdfae773002b3f86d3966af3cd8f277c,-29.871433459537503,1.773023053217279,0.125,0.13619649574623266,30,32,0.08
0x3a44740a8c668afc6947a5c437ea073eb10b9b57,0.0,0.0,0.0,0.0,30,5,0.08
0xd94606128b20680539a719b07bca6cbc30786a28,0.0,0.0,0.0,0.0,30,0,0.08
0x9c16bc8f1104e4d2f72267eb981fa12de7cc4a6f,0.0,0.0,0.0,0.0,30,0,0.08
0x3c363e96d22c056d748f199fb728fc80d70e461a,0.0,0.0,0.0,0.0,30,0,0.08
0x39bac00809cae627f52e4a82f95f4f67d5b269bd,10.413528953331163,0.4651948553496444,0.6595744680851063,3.1490881672024074,30,47,0.08
0x72ffacea0906eb393b2e680ab5e25efbd8d1a9c4,-12.484938190190961,0.5936971841379006,0.3181818181818182,0.6157035975731256,30,44,0.08
0x668cec05549105e5b05bcc779a43186735d7ea2e,0.0,0.0,0.0,0.0,30,0,0.08
0x126220f27cddaba57d903c51a94caf002b2ed355,0.0,0.0,0.0,0.0,30,0,0.08
0x8923cdff38a43d1fd59d323c35b900047e431bac,0.0,0.0,0.0,0.0,29,5,0.08
0x7eb9026d0183942458bd4660371c3cc0a2df3beb,0.0,0.0,0.0,0.0,29,0,0.08
0xf6fb1452dffd2535ad6b506bb9d763864e048fb0,0.0,0.0,0.0,0.0,30,0,0.08
0x1f67d79afc8d0e7609ddba6c9b657cc635f69981,0.0,0.0,0.0,0.0,30,0,0.08
0xf97ad6704baec104d00b88e0c157e2b7b3a1ddd1,17.481933890339405,0.025493578094743615,0.8571428571428571,1.833343618778395,29,42,0.08
0xf27ebb91ea420f73b59b205ac7e0b77a90ec8f3c,-6.35564879650723,0.6510610601500241,0.40476190476190477,0.6256289072030061,30,42,0.08
0x6f1d35664eab0efa5a796091c28d14f1472d3162,0.0,0.0,0.0,0.0,30,0,0.08
0x782e432267376f377585fc78092d998f8442ab83,0.0,0.0,0.0,0.0,30,0,0.08
0x413c7a0a3489563350219bc96965a7da02f0fffc,0.0,0.0,0.0,0.0,30,0,0.08
0x47a761bb9e970ac93cb571c4614c4ca643714e4f,0.0,0.0,0.0,0.0,30,0,0.08
0x8feb3a7d8bf1e424679fc75753b363eba5ee8185,0.0,0.0,0.0,0.0,30,0,0.08
0xd6608f4027ee90db6dc45d0b4b8e2fb0a49c1f61,-26280.14691929045,0.22300605351768085,0.0,0.7996861816591262,30,45,0.08
0xfab134fc24fe340e9e997e89147bdc0d944958f8,0.0,0.0,0.0,0.0,30,0,0.08
0x38cfd6c3c1921d77fa760743fc341144a3141ccf,0.0,0.0,0.0,0.0,30,0,0.08
0x57baee0482d81f19eff86257425033af3f875b86,0.0,0.0,0.0,0.0,30,5,0.08
0x1da7920ca7f9ee28d481bc439dccfed09f52a237,0.0,0.0,0.0,0.0,30,0,0.08
0x93f60f919f6d0a9f732c4ab56c20cd57c2cb5e75,0.054456536785863985,0.01902561506774578,0.5714285714285714,1.0000159130946475,30,14,0.08
0x3e8734ec146c981e3ed1f6b582d447dde701d90c,0.0,0.0,0.0,0.0,30,0,0.08
0x02e4cc8575e3b493f04e924e2c775009b22f5955,0.0,0.0,0.0,0.0,30,0,0.08
0x25554a80781ee62414c3747e81c3f50157c634b1,3.057438247453351,0.003308788393837135,0.15555555555555556,1.005229979807823,29,45,0.08
0xc4241dc9bfeb5126c0766df35a87ed3fbd630c78,0.0,0.0,0.0,0.0,30,0,0.08
0xb1694de2324433778487999bd86b1acb3335ebc4,0.0,0.0,0.0,0.0,30,0,0.08
0xfba31dfa3c6612abca9a27f65af77d9fed7e2db7,0.0,0.0,0.0,0.0,30,1,0.08
0x825714bae8bd60162bb14a04bb2183d00b3d00c9,0.0,0.0,0.0,0.0,30,0,0.08
0x913df0b299f74ced052c5332a19a1fe72a343ad6,0.0,0.0,0.0,0.0,30,3,0.08
0x5559da6ec434c5723d0ce9c4da7f29e3f8a3d43b,0.0,0.0,0.0,0.0,30,0,0.08
0xb5c379b0d7b49485dde122d322a889d6d1f8edf5,0.0,0.0,0.0,0.0,30,0,0.08
0x2b02efbf4fa4585ae3cc9d81913770e9b12484db,0.0,0.0,0.0,0.0,29,0,0.08
0x0b1ace05eb9ef1c3a1951b763700ecad24f27741,0.0,0.0,0.0,0.0,30,3,0.08
0x0ed94196b7cf3a2108699497e22b087675aeaea9,0.0,0.0,0.0,0.0,30,0,0.08
0xb81f8503d71141b03a35b505cfe2f217b04f0699,0.0,0.0,0.0,0.0,30,0,0.08
0x7dd6af227362f4115e060f39c00791ffcf4230d8,0.0,0.0,0.0,0.0,30,0,0.08
0x3a122449de235a40481689442271c0731b805d69,31.071633955468982,0.04818069436304998,0.9285714285714286,4.03683830636877,30,28,0.08
0x2ca4927174ba283d8a57f60ef3589844035a2930,0.0,0.0,0.0,0.0,30,0,0.08
0x4f235c15474f984504b0f188755021ae45c2fa65,0.0,0.0,0.0,0.0,30,0,0.08
0xd86953bce0f52225bd7bff14852056c4aec2e4e9,0.0,0.0,0.0,0.0,30,0,0.08
0x248ee78390f5505d34f36ce2df87d79fbcdb6be2,0.0,0.0,0.0,0.0,30,5,0.08
0x103ff34b773e02c12d74e34701028a1b70738f1f,0.0,0.0,0.0,0.0,30,0,0.08
0x08b5cf766ffbc31c129d2733b3f831054cec310c,0.0,0.0,0.0,0.0,30,2,0.08
0x5f94a51948d2376ad34a6fadfa2544e651b74b96,0.0,0.0,0.0,0.0,30,0,0.08
0x179c17d04be626561b0355a248d6055a80456aa5,0.0,0.0,0.0,0.0,29,7,0.08
0x0cb1bc9c2a357ffc3627fa8e1cd7cf6ff74f6edb,0.0,0.0,0.0,0.0,30,0,0.08
0xadc9cf23f55c6221a05a8150e5768d7c3289562f,-1.769833908268182,0.4652451044792402,0.3333333333333333,0.8463805686758542,30,15,0.08
0xbc433ba7c34752448c5361e5ed3038628a1753b0,0.0,0.0,0.0,0.0,29,0,0.08
0x39475d17bcd20adc540e647dae6781b153fbf3b1,1.4601736802023952,0.692092910144005,0.5833333333333334,1.108374048868313,30,36,0.08
0x96c5ecf6996df7f1851b72a86e2852e77bee4c72,0.0,0.0,0.0,0.0,30,1,0.08
0x1e3001537d0c6799e59245597c541127bac57120,0.0,0.0,0.0,0.0,30,0,0.08
0xf33b8b3c2559930ed028ef2591d85be57620d163,0.0,0.0,0.0,0.0,29,0,0.08
0x36fbd89b5aa130b53708a98e729ad726daaf1f86,0.0,0.0,0.0,0.0,30,0,0.08
0xf770f371cc66499a89ae56aa84f9506e083f99ea,27.25086413588376,0.0,1.0,3.6566092516954827,30,17,0.08
0xb4b59938625073dc64e054d9f5c5364cd62a89ea,0.0,0.0,0.0,0.0,29,3,0.08
0x2c4ebdcd592a74b4022ad9d1fb00ab6976abe483,0.0,0.0,0.0,0.0,30,0,0.08
0x059f4592427f94ace29ad4103d0ac0b8c62236fa,0.0,0.0,0.0,0.0,30,0,0.08
0x8d0a7b41ece5ac812e417270f83a299c3efb6486,0.0,0.0,0.0,0.0,30,0,0.08
0x003a85c562730b196f7cba202a2515f2ff855736,0.0,0.0,0.0,0.0,30,1,0.08
0x862c6f0373ac129fc66a324b234943139ca10c92,0.0,0.0,0.0,0.0,29,0,0.08
0x3e516cf3c9d4f29fae6c1324c2414dc872fc9c09,0.0,0.0,0.0,0.0,30,0,0.08
0x6a572bb9d31ff710f882f33c21d8ba11a169a887,0.0,0.0,0.0,0.0,29,2,0.08
0x2312171890250347dbf1b082bdf7950504909e92,12.198096826374737,0.09219573982986028,0.6956521739130435,1.3287111471852062,30,46,0.08
0xb4321b142b2a03ce20fcab2007ff6990b9acba93,0.0,0.0,0.0,0.0,30,0,0.08
0x4e106d5e97b59c6b0cd84bb9c65ea67570502176,0.0,0.0,0.0,0.0,30,0,0.08
0xa351db10472a07059ea099e0581444e568bff894,-37.15747897883832,1.8573295674549197,0.022222222222222223,0.14920684251322017,30,45,0.08
0x288ed4efc8fbd1e42a06fe083ea942d20c90b336,0.0,0.0,0.0,0.0,30,0,0.08
0xc7abcfeaf42bd7afae393863f5e7fc470a662bf8,0.0,0.0,0.0,0.0,30,0,0.08
0xb1e0912b4a1872afe530a7f0be6bb6fb253d1018,0.0,0.0,0.0,0.0,30,6,0.08
0x2b8e8acc1dd32cd642ebb91014320a6f6a0f9507,0.0,0.0,0.0,0.0,30,0,0.08
0xe5a1d72ecb46aaf48df76ded128b5aebd5b22156,0.0,0.0,0.0,0.0,30,0,0.08
0x6ad9a8b10f8e8e3883acabbbf3d808b156e33ec7,2.4332287075628187,0.22232017732739395,0.5,1.0629431894057861,30,10,0.08
0xa7938a22fee8e98e19e930df45cb588a178efb9c,3.002999863181243,0.2548096547533355,0.6818181818181818,1.115749383320017,30,44,0.08
0x001a1a5eb6800e78197b92a527b3ba8b8d5bfef6,0.0,0.0,0.0,0.0,29,3,0.08
0x885989fd94d30c150e6eaf897090509bce4f6aa8,19.325239536283238,0.0,0.5813953488372093,1.5807659574740085,30,43,0.08
0xdb611d682cb1ad72fcbacd944a8a6e2606a6d158,-0.3928358295208577,0.2932183879587313,0.4166666666666667,0.9547660477065331,29,12,0.08
0xa567501abf12f401c9e613b6323c43cf29b0f92c,0.0,0.0,0.0,0.0,30,0,0.08
0xd51b48fa7b9c4e408aa42eb7ad0b87ce73110d9e,4.933295196327298,0.4259307169819309,0.6666666666666666,1.6753023560748699,29,39,0.08
0xcafcbbf25e5d67c7700d8c49b0431a64fd7e89a8,0.0,0.0,0.0,0.0,30,5,0.08
0x520863bab865050e635207c4ed099eec568f3f47,0.0,0.0,0.0,0.0,30,0,0.08
0x853c6d722c0bcf77a7aa9f08d96b06f13dd89949,0.0,0.0,0.0,0.0,30,0,0.08
0x9e5bb5fcbbb88cdf81b19e55e7e07d716945743e,0.0,0.0,0.0,0.0,30,0,0.08
0x001ac3f0972b620cd6be82ba54d111614d7d48fb,0.0,0.0,0.0,0.0,30,0,0.08
0x565a65432ca44a999eb7217815d58594a559ccb2,4.3629550439075695,0.3108902845474327,0.5476190476190477,1.345136961982914,30,42,0.08
0x3f319b0b6bf5bbaaaae45b8f9090745a84f88769,0.0,0.0,0.0,0.0,30,0,0.08
0x349f8e8d1495341f520406997ebae476fcfebd06,-0.9558812816034623,0.366508473287979,0.5,0.9004479991412665,30,16,0.08
0xb5101614ad71468a041a83e64d8b834aa17a1ed6,0.0,0.0,0.0,0.0,30,4,0.08
0xd82f7d84a524b8e82de0cb3df1f04e338604fd8e,0.0,0.0,0.0,0.0,30,6,0.08
0x60dd456273cbb018c2222621d4c2dc5016e870d3,0.0,0.0,0.0,0.0,30,0,0.08
0xb245ed242d9f9a86e75cdb30892d9d922cd568ba,0.0,0.0,0.0,0.0,30,0,0.08
0x975f178fd8a566d98bc935340064c691fa4d8881,0.0,0.0,0.0,0.0,30,0,0.08
0x106943709714fb0e5e62b82f5013ebc762591ae1,-5.993510000649912,0.3893876589445173,0.25,0.7556051909233763,30,16,0.08
0x8888892c503f24822ed71eb2de512b9742ddcee8,15.781447692782846,0.16804025717120563,0.8048780487804879,2.6608779116260215,30,41,0.08
0x71f060a388589f2917df5e6b79a1e43baad1b611,1.5340500130120718,0.3088679719787611,0.2727272727272727,1.038319571154668,30,11,0.08
0xe7eb077d77f09b469b2ea8548aa860b137039977,0.0,0.0,0.0,0.0,30,0,0.08
0xb30cadab02bc62fc4df652ae0ffaffa9596a0e1b,0.0,0.0,0.0,0.0,30,0,0.08
0xd63fca366dbbdeeee76edb4e637c8f89c4605388,0.0,0.0,0.0,0.0,29,0,0.08
0xb1ad88e61c6cf27a4b07404c07ddfffa47ac7e32,7.506165612292273,0.01172050399510169,0.2727272727272727,1.0585180515190988,30,44,0.08
0xfbc9638938262f15cc1b3a751a54d538559da361,0.0,0.0,0.0,0.0,30,0,0.08
0xe2d0be8f9214dddcfd316e09f333a0598e574d8b,0.0,0.0,0.0,0.0,30,0,0.08
0xe4d83945c0322f3d340203a7129b7eb5cacae847,0.0,0.0,0.0,0.0,30,0,0.08
0x470756b530bfa294b80dd4783a1fe13dcf3b3394,0.0,0.0,0.0,0.0,30,0,0.08
0x00e80cc289c9ed6630316cf36cce61e4a9802e13,0.0,0.0,0.0,0.0,30,0,0.08
0x1e5b1efd99c89d39b59b28a19e6b42bbeb98433b,0.0,0.0,0.0,0.0,30,0,0.08
0xf2e47284b93faf0dce68d18ccf1d9e4f59fbb9c2,0.0,0.0,0.0,0.0,30,0,0.08
0xcb2046851d0f44a48331ba9e35cb40c2f7bb7e1b,14.926984819340918,0.055580316085128534,0.5714285714285714,1.3884542716925061,30,14,0.08
0x78a1b7fc599f4c9d7227be8f9719f6a648bc62fe,-6.577664788396169,0.13061304503132254,0.0,0.8716134028014618,30,12,0.08
0xfa58f82875ee97464a8feef085e597b06590dd13,-5.212007344945029,0.29775371241855164,0.5,0.8447113082549526,30,10,0.08
0xa930cdefd5c41bbb92081faa33afdd5b3ba0c999,0.0,0.0,0.0,0.0,30,0,0.08
0x3b00771e5462f736c22b0423c8eadf764bc1b5e9,34.201367278907156,0.0022683469572018986,0.8604651162790697,3.390355777989628,30,43,0.08
0x872d3fb74cb230faf1746b4e66971551a010ba6d,0.0,0.0,0.0,0.0,30,0,0.08
0x8b287ad391afe8eb1f4e360252b47ffa441198f4,20.189094385215377,0.04719248463804984,0.8333333333333334,1.7155296596545708,30,12,0.08
0x503c3dbb6f21f231a33da05822229026e8a88acd,0.0,0.0,0.0,0.0,30,0,0.08
0xe34d21d1980082c6dd1c2d7be6315187dfe4a718,30.67111857219535,0.0,1.0,2.004867813611671,30,16,0.08
0x4d470e0a241c3d7321b4b6c6f23f214db85bfa47,0.0,0.0,0.0,0.0,30,0,0.08
0x45d2489ae3b7536d0b933859337e8c16b8859b84,-29.87839441636549,1.3369966177640498,0.02702702702702703,0.24856565696044092,30,37,0.08
0x82c6503af0d94c782f69caf3fb64568608b8fe42,0.0,0.0,0.0,0.0,30,0,0.08
0x00071360d75385c4c25dd8f217465693ffe91a69,0.0,0.0,0.0,0.0,30,6,0.08
0x0d8d5b2d87d36b99d28c321ff7a4a6d206a9c2aa,0.41847438148555777,0.4150612319451792,0.42857142857142855,0.9816376151030949,30,14,0.08
0x9b864dde6ed1c21608b1665a0ac0faa4f7e36e6e,0.0,0.0,0.0,0.0,30,0,0.08
0xee126cd566febeebee9a715812df601e1e69512c,3.630814528151659,0.11863659962920638,0.6875,1.119397382858333,30,16,0.08
0x1044566e87c868cf9a642eb9809d70a0fc0af997,0.0,0.0,0.0,0.0,29,0,0.08
0x04cc5be7baef93144c6a1f06846d26f808b44ab5,0.0,0.0,0.0,0.0,30,0,0.08
0xfc84a4bba95d3a13f91a9c0d735c0af04a18f4d0,0.0,0.0,0.0,0.0,30,5,0.08
0x2c352e53a2b471b0d98f00d6117ee40e708c72b8,0.0,0.0,0.0,0.0,30,0,0.08
0x4edd48ecffa32d4fdbf0ca76433095d4dee6b7fc,-7.379851962964015,1.0750641561904486,0.39285714285714285,0.4623065758724416,30,28,0.08
0x4a5ae81bb737662ff67f7b31eb6fe62d15d91441,0.0,0.0,0.0,0.0,29,0,0.08
0x4cd80aa0ce4881eb8679eda1f6fbe3d89aec0f7f,17.31612328178946,0.046582056505142654,0.8409090909090909,2.366298976707262,30,44,0.08
0xf7013b5448964a7ab8ee2a1c47eae5fe96f59a4a,0.0,0.0,0.0,0.0,30,3,0.08
0x15f970a5fa4791dbe4fc3adea6d41e87e5fac6ff,0.0,0.0,0.0,0.0,30,0,0.08
0x45974824c1c4e4d797aa8d057a5499b46cdefe33,0.0,0.0,0.0,0.0,30,0,0.08
0x727956612a8700627451204a3ae26268bd1a1525,0.0,0.0,0.0,0.0,30,6,0.08
0x33c3b8bcd758f511b350374a63e1f880f40e0282,0.0,0.0,0.0,0.0,30,0,0.08
0x054a01da80ee37d5220af5471b1eedbdcd2cdb2f,11.350317729927838,0.024188638243703365,0.64,1.8993802281652654,30,25,0.08
0xae67e0441a483deed7792d4572558608e5a99a49,22.70116830095883,0.08297832733552969,0.8809523809523809,5.820092845123188,30,42,0.08
0xdcac85ecae7148886029c20e661d848a4de99ce2,0.0,0.0,0.0,0.0,30,0,0.08
0x09bf77ff40d9b8fb0fa2610b3da36705db58f05c,31.968614285687742,0.0,0.7368421052631579,2.0315832028432768,30,19,0.08
0xe06532a98a541b48f6330d2dd88e2b4b96010d6b,0.0,0.0,0.0,0.0,30,0,0.08
0x051315fb7c07702b5adfa0d897c080c11b8082dc,6.948268686594909,0.09072080325348236,0.75,1.1721293359102838,29,12,0.08
0xf7b5461d0007ce4b52eaea2f6d2a30cef0fbefff,0.0,0.0,0.0,0.0,30,5,0.08
0x9dea4d13ac1c469b7fe9049d43835df1be143ec0,0.0,0.0,0.0,0.0,30,0,0.08
0xc9ac2940e99c00d4c188c3b446b08c03502ee568,-7.50742940901487,0.3351343239374211,0.15384615384615385,0.7859613824318605,30,13,0.08
0xb39df6c5f0ef3a6e97f9ea5585f756f210fb0b99,0.0,0.0,0.0,0.0,29,0,0.08
0xa33a4a057334c7811ad5f45f3c4f0dfa3d081ff8,0.0,0.0,0.0,0.0,30,0,0.08
0x75ec3ba266176e733f1b1fdaa15052f5eff724b8,0.0,0.0,0.0,0.0,29,3,0.08
0x2ae504e4ba318c3b84a8bf2344d3d760dc56ac99,-3.68230267773574,0.07993834266341789,0.4,0.9488510442140322,30,15,0.08
0xef2364db5db6f5539aa0bc111771a94ee47637fc,33.14603851712416,0.0,1.0,3.427275270568202,30,24,0.08
0x58e1b0e63c905d5982324fcd9108582623b8132e,37.223312444999614,0.0,1.0,7.803783192571519,30,35,0.08
0x263294039413b96d25e4173a5f7599f8b3801504,34.379118533875626,0.0,1.0,4.427702780374946,30,27,0.08
0x474e2cb1aac71f66d0aa7adb0cd92c919f842fe4,0.0,0.0,0.0,0.0,30,0,0.08
0x6979dde2781dc4ec843641b10b2a2f2e0f4bda62,0.0,0.0,0.0,0.0,30,0,0.08
0x59319c81c0cf3d02e3b68996c2dfe47308a006dc,0.0,0.0,0.0,0.0,29,0,0.08
0xde236b0b3b367d5ad2a2c42b914bded79d03fe28,7.749491022936086,0.1783247013480883,0.6190476190476191,1.7812987789044885,30,42,0.08
0x857f876490b63bdc7605165e0df568ae54f72d8e,8.272330953035762,0.19462731082941237,0.6,1.5224123821187898,29,20,0.08
0x35811174314e93b13d9a7998316c70a0385c6c42,1.955494391206416,0.4329493464678665,0.5116279069767442,1.192566423667833,30,43,0.08
0xa4be91acc74feabab71b8878b66b8f5277212520,0.0,0.0,0.0,0.0,30,8,0.08
0x4af1ace0e1daa9bb69a208f311d73112d92c597f,16.53883677050726,0.10147514225224422,0.717391304347826,3.3057566472925766,30,46,0.08
0xd77a0944d0039e92f3309f9cf52b6926b7c14b6d,18.087043078706607,0.00020231455130693087,0.96,2.05433810800701,30,25,0.08
0xbb828515677729c4db2f790a52cf14b1c659e19f,0.0,0.0,0.0,0.0,30,5,0.08
0x5986347c1d0133d02d307f08bb1efd44c2eb89d9,0.0,0.0,0.0,0.0,30,0,0.08
0x654086857e1fad6dcf05cf6695cce51ea3984268,0.0,0.0,0.0,0.0,30,5,0.08
0x48cd535b80439fefd6d00f74e5cf9b152adf2671,-8.095560478916868,0.00014885723017977272,0.391304347826087,0.9998926668483777,30,46,0.08
0x95e2687b07f0dec34462fdab6bbebcc0b3ab49c6,0.0,0.0,0.0,0.0,30,0,0.08
0x208db9f389989c5c387cc3a2620cc5251eace716,0.0,0.0,0.0,0.0,30,0,0.08
0x7894bb4cd20e08c2ec1895968dd0b3d97edca5f7,0.0,0.0,0.0,0.0,30,0,0.08
0x53d25bd6716b505ace53b0db3d4590619d2142de,0.0,0.0,0.0,0.0,29,7,0.08
0x31b1ac74a39fa92604c3bccac20453f2e3eebfaa,-4.621532437748476,0.35705103596559656,0.5434782608695652,0.747516095418023,30,46,0.08
